Symbol,Series,Date,Prev Close,Open Price,High Price,Low Price,Last Price,Close Price,Average Price,Total Traded Quantity,Turnover,No. of Trades,Deliverable Qty,% Dly Qt to Traded Qty
TCS,EQ,13-Jun-17,2487.2,2465,2481.1,2447,2450,2451.55,2464.89,587707,1448635342,52410,268108,45.62
TCS,EQ,14-Jun-17,2451.55,2455,2476,2455,2465.4,2470.2,2469.41,744571,1838650964,42987,456486,61.31
TCS,EQ,15-Jun-17,2470.2,2469,2469.7,2405,2410,2411.2,2427.94,1498599,3638509043,65157,1140716,76.12
TCS,EQ,16-Jun-17,2411.2,2414.95,2435,2386.5,2395,2399.7,2402.96,1225213,2944142144,72001,709697,57.92
TCS,EQ,19-Jun-17,2399.7,2416.9,2446.35,2405.15,2432,2431.7,2430.5,822371,1998776222,53034,493678,60.03
TCS,EQ,20-Jun-17,2431.7,2431,2449,2380.3,2443.6,2445,2427.14,835479,2027828499,56385,443227,53.05
TCS,EQ,21-Jun-17,2445,2440,2442.15,2397.2,2406.75,2406.3,2412.24,828909,1999530130,60134,488457,58.93
TCS,EQ,22-Jun-17,2406.3,2409,2431,2385,2391.45,2394.85,2403.02,2887941,6939787421,51314,2442403,84.57
TCS,EQ,23-Jun-17,2394.85,2399.4,2413.95,2354,2359.8,2361.7,2388.78,712378,1701711236,52090,347676,48.8
TCS,EQ,27-Jun-17,2361.7,2350.6,2384.7,2331.6,2348,2342.85,2357.33,987165,2327075045,61242,613618,62.16
TCS,EQ,28-Jun-17,2342.85,2349.9,2358,2335,2346.25,2350.05,2345.89,894863,2099251694,46724,653390,73.02
TCS,EQ,29-Jun-17,2350.05,2359,2372.05,2323.1,2328.95,2333.25,2342.52,1235913,2895151089,41555,909603,73.6
TCS,EQ,30-Jun-17,2333.25,2324.4,2377,2323.1,2361,2362.35,2361.01,876924,2070428288,45339,543014,61.92
TCS,EQ,03-Jul-17,2362.35,2357.4,2383.05,2343.1,2371,2373.6,2368.46,737978,1747872336,39614,492755,66.77
TCS,EQ,04-Jul-17,2373.6,2373.3,2380.45,2350.05,2360.8,2366.85,2366.9,607567,1438053125,24611,339629,55.9
TCS,EQ,05-Jul-17,2366.85,2360.8,2365,2345,2358,2356,2354.42,407928,960433302.5,22153,216685,53.12
TCS,EQ,06-Jul-17,2356,2359,2361.9,2340.1,2350.05,2347.55,2348.75,513394,1205834807,26826,342973,66.81
TCS,EQ,07-Jul-17,2347.55,2350,2356.45,2325.5,2332,2331.95,2343.49,616045,1443697743,52731,417958,67.85
TCS,EQ,10-Jul-17,2331.95,2341,2444.9,2341,2435,2434.95,2426.54,398392,966714360.9,12486,188289,47.26
TCS,EQ,11-Jul-17,2434.95,2426,2514.8,2426,2482.5,2475.8,2478.13,1768752,4383194953,96054,937311,52.99
TCS,EQ,12-Jul-17,2475.8,2482.5,2483.3,2430.1,2441,2439.45,2453.34,1323225,3246316255,62259,926229,70
TCS,EQ,13-Jul-17,2439.45,2445,2472,2426.6,2439,2446.4,2449.5,1565980,3835873018,64700,819249,52.32
TCS,EQ,14-Jul-17,2446.4,2383,2425,2375,2399.1,2397.45,2396.18,2254216,5401499336,95561,853385,37.86
TCS,EQ,17-Jul-17,2397.45,2397.7,2422.1,2382.2,2397.1,2395.45,2402.63,1105911,2657095372,49251,668063,60.41
TCS,EQ,18-Jul-17,2395.45,2396.15,2443,2396.15,2415.1,2408.35,2418.05,954001,2306823903,67981,587896,61.62
TCS,EQ,19-Jul-17,2408.35,2415.5,2460,2415.1,2449.25,2449.6,2442.01,1957788,4780943653,87419,1244355,63.56
TCS,EQ,20-Jul-17,2449.6,2449.25,2456.9,2430.5,2437,2444.7,2441.25,591252,1443393894,23307,305250,51.63
TCS,EQ,21-Jul-17,2444.7,2434.9,2500,2434.55,2496,2491.2,2473.18,1074208,2656704863,64460,652870,60.78
TCS,EQ,24-Jul-17,2491.2,2482,2540,2482,2535,2530.7,2519.47,1135701,2861364170,68968,749335,65.98
TCS,EQ,25-Jul-17,2530.7,2525.75,2580,2518.4,2579,2571.5,2552.41,1339416,3418736145,93466,915489,68.35
TCS,EQ,26-Jul-17,2571.5,2560,2575,2547,2552,2556,2559.66,729913,1868329653,38234,464420,63.63
TCS,EQ,27-Jul-17,2556,2542.2,2584.8,2466.5,2477,2481.7,2499.85,2127652,5318805858,58582,1376530,64.7
TCS,EQ,28-Jul-17,2481.7,2481,2493.05,2442,2484.95,2484.3,2467.41,691376,1705908235,55534,349700,50.58
TCS,EQ,31-Jul-17,2484.3,2471,2519,2463,2494.95,2491.8,2490.03,1009831,2514510450,59801,555095,54.97
TCS,EQ,01-Aug-17,2491.8,2500,2520.75,2491,2495.15,2501.65,2502.14,873730,2186195097,42188,620303,70.99
TCS,EQ,02-Aug-17,2501.65,2500,2508,2462,2475,2473.8,2484.51,625512,1554089627,44731,366332,58.57
TCS,EQ,03-Aug-17,2473.8,2480,2502,2466.45,2490.05,2489.45,2486.75,941274,2340709564,39294,732362,77.81
TCS,EQ,04-Aug-17,2489.45,2490.8,2528.3,2488,2525,2522.8,2510.86,693945,1742396092,31371,340218,49.03
TCS,EQ,07-Aug-17,2522.8,2516.5,2520,2481.2,2507.4,2503.45,2491.28,942760,2348682444,29848,699856,74.23
TCS,EQ,08-Aug-17,2503.45,2512,2528.6,2496.3,2500.15,2503.05,2507.64,536979,1346550397,24609,309875,57.71
TCS,EQ,09-Aug-17,2503.05,2500,2522.85,2493.3,2508.35,2512,2511.32,496473,1246803082,33860,316032,63.66
TCS,EQ,10-Aug-17,2512,2509,2520.6,2486.35,2520,2511.45,2499.22,763086,1907116797,37900,507304,66.48
TCS,EQ,11-Aug-17,2511.45,2499.9,2535,2483,2492.65,2496.05,2503.79,697368,1746060388,41945,327636,46.98
TCS,EQ,14-Aug-17,2496.05,2503,2509.9,2463,2468,2469.4,2487.26,393252,978120247.9,29766,227374,57.82
TCS,EQ,16-Aug-17,2469.4,2484,2543.8,2465.2,2490.15,2492.35,2487.66,686670,1708202481,44396,437761,63.75
TCS,EQ,17-Aug-17,2492.35,2500.7,2505,2462.1,2485.55,2485.65,2480.04,876187,2172977685,40452,613453,70.01
TCS,EQ,18-Aug-17,2485.65,2474,2549.9,2471.4,2515,2513.8,2520.86,1418678,3576281722,77980,837580,59.04
TCS,EQ,21-Aug-17,2513.8,2505.5,2549,2494.3,2513.2,2528.8,2534.62,1152417,2920941548,54265,747946,64.9
TCS,EQ,22-Aug-17,2528.8,2523,2539.5,2492,2500,2497.55,2516.08,565663,1423251638,35029,287383,50.8
TCS,EQ,23-Aug-17,2497.55,2505,2516.8,2473.15,2491.6,2489.45,2487.52,781136,1943093967,39129,512785,65.65
TCS,EQ,24-Aug-17,2489.45,2497.7,2517.95,2486.15,2498.05,2496.6,2495.82,811954,2026487436,42614,596982,73.52
TCS,EQ,28-Aug-17,2496.6,2504.6,2505.4,2461,2491,2487.3,2479.76,1018398,2525378755,54931,696983,68.44
TCS,EQ,29-Aug-17,2487.3,2482,2496,2463.95,2475.05,2470.85,2472.97,656301,1623010551,23498,432172,65.85
TCS,EQ,30-Aug-17,2470.85,2481,2490,2460.1,2485,2484.55,2478.46,485391,1203020937,24262,240993,49.65
TCS,EQ,31-Aug-17,2484.55,2485,2504.4,2466.65,2498,2496.35,2489.91,892332,2221830191,47192,591710,66.31
TCS,EQ,01-Sep-17,2496.35,2480,2498.05,2436.55,2460.6,2456.45,2452.84,851165,2087770465,40185,447974,52.63
TCS,EQ,04-Sep-17,2456.45,2453.1,2461,2438,2457,2456.2,2452.06,531272,1302711214,29763,314907,59.27
TCS,EQ,05-Sep-17,2456.2,2460,2490,2437.05,2484.65,2484.35,2463.13,582997,1435996999,27861,390654,67.01
TCS,EQ,06-Sep-17,2484.35,2468.15,2474.85,2450,2453,2453.2,2454.77,614382,1508166252,37430,428731,69.78
TCS,EQ,07-Sep-17,2453.2,2458,2468.4,2451.05,2460,2460.1,2458.6,435318,1070273155,35496,314028,72.14
TCS,EQ,08-Sep-17,2460.1,2453.75,2474,2452.55,2465.15,2470.6,2466.13,510567,1259126114,26980,354180,69.37
TCS,EQ,11-Sep-17,2470.6,2471.2,2482.95,2450,2455,2454.45,2463.39,366382,902539941.4,17519,260179,71.01
TCS,EQ,12-Sep-17,2454.45,2473.9,2497,2457,2497,2488.45,2469.62,698230,1724359523,25758,552659,79.15
TCS,EQ,13-Sep-17,2488.45,2500,2531.65,2475.2,2492.7,2489.2,2504.48,639490,1601590314,32185,345028,53.95
TCS,EQ,14-Sep-17,2489.2,2482,2497.6,2471.9,2485,2486.95,2484.2,540755,1343342208,38222,389170,71.97
TCS,EQ,15-Sep-17,2486.95,2499,2517,2485,2504,2506.05,2503.39,1472036,3685085664,57885,1204007,81.79
TCS,EQ,18-Sep-17,2506.05,2504.95,2518.95,2489.25,2505,2499.05,2502.71,363300,909233455.5,34868,240697,66.25
TCS,EQ,19-Sep-17,2499.05,2505,2505,2491.5,2498,2498.25,2496.55,391377,977092538.4,14036,296891,75.86
TCS,EQ,20-Sep-17,2498.25,2514,2514,2474.3,2496,2493.55,2485.89,667321,1658884674,21548,536043,80.33
TCS,EQ,21-Sep-17,2493.55,2491.05,2541,2480,2525,2524.9,2509.94,1219370,3060544846,44213,843424,69.17
TCS,EQ,22-Sep-17,2524.9,2519.9,2526.9,2492,2509,2503.6,2508.22,1217698,3054249816,47174,887364,72.87
TCS,EQ,25-Sep-17,2503.6,2496.55,2534,2492.75,2510,2510.75,2515.11,799779,2011528454,50797,499966,62.51
TCS,EQ,26-Sep-17,2510.75,2510,2526.4,2466,2475,2474.65,2485.79,724615,1801238878,30740,496026,68.45
TCS,EQ,27-Sep-17,2474.65,2490,2512.2,2473.75,2495.1,2495,2495.71,1005178,2508634483,37197,646194,64.29
TCS,EQ,28-Sep-17,2495,2494.7,2514,2452,2472.75,2476.45,2480.49,2166433,5373819971,89294,1630581,75.27
TCS,EQ,29-Sep-17,2476.45,2479,2484,2421.5,2437.6,2435.95,2455.42,992507,2437024637,60239,705264,71.06
TCS,EQ,03-Oct-17,2435.95,2440,2454.3,2427.05,2452,2448.45,2440.87,961503,2346905981,57917,685041,71.25
TCS,EQ,04-Oct-17,2448.45,2449.6,2454,2425,2442,2442.3,2440.46,650389,1587250046,31490,469306,72.16
TCS,EQ,05-Oct-17,2442.3,2441,2443.45,2424.4,2430,2429.6,2434.97,842343,2051077541,21566,693866,82.37
TCS,EQ,06-Oct-17,2429.6,2430,2455,2428.05,2451,2446.65,2443.5,694594,1697239803,31692,487487,70.18
TCS,EQ,09-Oct-17,2446.65,2441.05,2467.95,2441.05,2449.1,2454.1,2457.72,886808,2179528945,30973,714603,80.58
TCS,EQ,10-Oct-17,2454.1,2455,2469.95,2451.25,2453.4,2459.25,2459.75,611005,1502919509,32806,477108,78.09
TCS,EQ,11-Oct-17,2459.25,2460,2514.45,2456.75,2500,2500.35,2494.35,763873,1905365312,39551,473024,61.92
TCS,EQ,12-Oct-17,2500.35,2513,2555,2507,2546.9,2548.2,2529.48,2503178,6331734421,55773,1654922,66.11
TCS,EQ,13-Oct-17,2548.2,2548.2,2608.95,2523,2559.75,2558.6,2562.16,2033160,5209287767,83968,623802,30.68
TCS,EQ,16-Oct-17,2558.6,2555.05,2590,2555.05,2587,2584.4,2577.86,609295,1570677295,50285,381873,62.67
TCS,EQ,17-Oct-17,2584.4,2585,2614.95,2577.55,2594.6,2594.55,2598.37,721508,1874743481,33284,421119,58.37
TCS,EQ,18-Oct-17,2594.55,2595,2613.65,2580,2592,2586.6,2588.24,757072,1959481782,27424,556509,73.51
TCS,EQ,19-Oct-17,2586.6,2592,2595.8,2571,2583.4,2583.9,2581.96,43411,112085629.9,2351,13869,31.95
TCS,EQ,23-Oct-17,2583.9,2584,2629,2547.45,2590,2587.9,2599.06,943044,2451028659,58735,720214,76.37
TCS,EQ,24-Oct-17,2587.9,2620,2620.9,2569.05,2575,2578.4,2581.12,669510,1728088703,44454,495808,74.06
TCS,EQ,25-Oct-17,2578.4,2578.5,2614,2555,2560,2559.9,2580.66,552553,1425951633,38719,362115,65.53
TCS,EQ,26-Oct-17,2559.9,2535.1,2569.15,2517.9,2531.7,2538.85,2541.16,1503776,3821328695,52192,1032027,68.63
TCS,EQ,27-Oct-17,2538.85,2538,2593.15,2530.3,2580,2584.3,2567.39,704635,1809074619,34346,505106,71.68
TCS,EQ,30-Oct-17,2584.3,2586,2620,2581.7,2615.1,2616.2,2606.79,568626,1482289818,21542,350603,61.66
TCS,EQ,31-Oct-17,2616.2,2601.3,2640,2601.3,2618.75,2624,2627.82,796317,2092579457,45128,558622,70.15
TCS,EQ,01-Nov-17,2624,2624,2626.85,2578.85,2607.75,2602.85,2593.88,370941,962175485.8,28138,196048,52.85
TCS,EQ,02-Nov-17,2602.85,2608.5,2674,2606.75,2623.05,2626.15,2639.78,734211,1938158859,29980,406095,55.31
TCS,EQ,03-Nov-17,2626.15,2632.4,2636.7,2602.8,2622,2620.1,2619.76,333443,873540922.1,29606,214694,64.39
TCS,EQ,06-Nov-17,2620.1,2620,2671.8,2611.75,2660.15,2665.55,2641.62,688500,1818752069,61866,527626,76.63
TCS,EQ,07-Nov-17,2665.55,2670,2768,2666.05,2710,2710.05,2718.44,1348446,3665665142,61294,584060,43.31
TCS,EQ,08-Nov-17,2710.05,2723,2759,2718.25,2737,2735,2741.21,701126,1921934581,48744,444618,63.41
TCS,EQ,09-Nov-17,2735,2750,2750,2719.3,2740,2736.4,2732.42,576216,1574462790,27786,370073,64.22
TCS,EQ,10-Nov-17,2736.4,2722.2,2726,2693.35,2710,2708.75,2706.84,678283,1836006501,22485,456167,67.25
TCS,EQ,13-Nov-17,2708.75,2702.05,2777.4,2702.05,2756.55,2758.95,2757.27,748498,2063808990,44504,379983,50.77
TCS,EQ,14-Nov-17,2758.95,2756.55,2756.55,2707.5,2710,2714.6,2718.61,828626,2252715047,50733,554011,66.86
TCS,EQ,15-Nov-17,2714.6,2706,2755,2701.35,2710,2705.3,2736.73,3335417,9128129059,47448,2841173,85.18
TCS,EQ,16-Nov-17,2705.3,2710,2763,2686.95,2739.9,2746.65,2734,826741,2260313403,45075,380359,46.01
TCS,EQ,17-Nov-17,2746.65,2748.1,2748.1,2703.6,2708.2,2707.3,2719.89,662732,1802558457,34043,411909,62.15
TCS,EQ,20-Nov-17,2707.3,2715,2726.9,2695.3,2697.9,2703.45,2709.98,507249,1374632868,27013,360469,71.06
TCS,EQ,21-Nov-17,2703.45,2701,2701,2666,2670.25,2672.95,2678.52,763870,2046044819,38552,527247,69.02
TCS,EQ,22-Nov-17,2672.95,2673,2709.7,2672.4,2681.4,2680.65,2690.88,911312,2452235277,67085,612065,67.16
TCS,EQ,23-Nov-17,2680.65,2681,2693,2669,2676.55,2681.25,2684.25,396735,1064937718,31522,189438,47.75
TCS,EQ,24-Nov-17,2681.25,2682,2702.9,2673.1,2688.2,2688.05,2688.26,1143756,3074710399,47991,936777,81.9
TCS,EQ,27-Nov-17,2688.05,2688,2695.9,2662.2,2683.05,2685.85,2678.65,928393,2486839610,40042,725134,78.11
TCS,EQ,28-Nov-17,2685.85,2686,2702.4,2670,2681.05,2685.3,2679.22,455858,1221342324,29742,298928,65.57
TCS,EQ,29-Nov-17,2685.3,2677.5,2693,2650,2653.65,2658.15,2674.7,723766,1935855718,41795,531968,73.5
TCS,EQ,30-Nov-17,2658.15,2653.65,2666.95,2623,2635,2637,2641.37,2149981,5678900013,86807,1464976,68.14
TCS,EQ,01-Dec-17,2637,2635,2668,2621.5,2630,2629.95,2647.75,515572,1365104151,37693,285458,55.37
TCS,EQ,04-Dec-17,2629.95,2622,2658.5,2602.95,2630,2632.35,2629.84,629552,1655623149,37609,342423,54.39
TCS,EQ,05-Dec-17,2632.35,2631,2651.7,2628.15,2633,2635.55,2641.13,583957,1542308264,33907,386120,66.12
TCS,EQ,06-Dec-17,2635.55,2636,2645,2612.85,2635,2633.3,2627.47,703759,1849107520,61422,534381,75.93
TCS,EQ,07-Dec-17,2633.3,2632.3,2645.95,2615,2617.95,2617.25,2623.62,663150,1739856625,52980,503427,75.91
TCS,EQ,08-Dec-17,2617.25,2618,2645,2597,2600,2601.5,2621.69,692774,1816237017,67356,443099,63.96
TCS,EQ,11-Dec-17,2601.5,2608.35,2672.65,2608.35,2670,2661.1,2635.45,504001,1328268598,47999,298309,59.19
TCS,EQ,12-Dec-17,2661.1,2661,2662,2607.4,2609.55,2612.15,2624.14,941123,2469638200,57531,622120,66.1
TCS,EQ,13-Dec-17,2612.15,2611.4,2651.45,2601,2633.5,2628.4,2632.07,1480729,3897385720,48513,1169964,79.01
TCS,EQ,14-Dec-17,2628.4,2632,2632,2531.1,2558.2,2557.8,2558.8,2752075,7041999539,118270,1987921,72.23
TCS,EQ,15-Dec-17,2557.8,2563.75,2584.45,2536.85,2543.95,2545.6,2552.92,1359069,3469591951,97835,934401,68.75
TCS,EQ,18-Dec-17,2545.6,2537,2588.95,2494.35,2576.6,2580.5,2548.56,1090332,2778774408,71724,588034,53.93
TCS,EQ,19-Dec-17,2580.5,2576,2597.8,2564.7,2577.4,2575.3,2583.18,900976,2327386545,76762,633455,70.31
TCS,EQ,20-Dec-17,2575.3,2582,2592.75,2550.65,2592,2588.95,2573.6,788785,2030019887,68386,530550,67.26
TCS,EQ,21-Dec-17,2588.95,2587,2608,2580.05,2582.1,2595.7,2595.09,646824,1678569251,40095,439879,68.01
TCS,EQ,22-Dec-17,2595.7,2604,2663.9,2590.2,2640,2646.75,2636.33,1832832,4831948536,85852,757097,41.31
TCS,EQ,26-Dec-17,2646.75,2686,2689.75,2631.6,2650.35,2649.45,2653.61,1087893,2886838516,52053,517570,47.58
TCS,EQ,27-Dec-17,2649.45,2649.45,2658.5,2610.5,2617,2619.9,2632.21,369642,972974332.2,20483,142233,38.48
TCS,EQ,28-Dec-17,2619.9,2608.8,2653.5,2605.65,2631,2626.95,2630.44,1302544,3426257490,47992,885214,67.96
TCS,EQ,29-Dec-17,2626.95,2623.1,2708.9,2618.55,2700,2701.2,2677.92,1304771,3494069340,51608,757663,58.07
TCS,EQ,01-Jan-18,2701.2,2682.3,2694.8,2635,2650,2645.6,2654.94,675880,1794417717,19464,330691,48.93
TCS,EQ,02-Jan-18,2645.6,2660,2669.6,2620.2,2631,2631.2,2641.06,960145,2535800011,46813,555820,57.89
TCS,EQ,03-Jan-18,2631.2,2632,2669,2631.2,2639,2638.65,2649.21,628560,1665185619,32104,361072,57.44
TCS,EQ,04-Jan-18,2638.65,2650,2662,2640,2650,2657.1,2649.94,456541,1209807238,32647,264561,57.95
TCS,EQ,05-Jan-18,2657.1,2650,2699.5,2650,2695,2689.2,2684.95,576853,1548821282,30836,318083,55.14
TCS,EQ,08-Jan-18,2689.2,2700,2726.85,2681.85,2708.8,2714.4,2709.74,621110,1683046448,43815,345599,55.64
TCS,EQ,09-Jan-18,2714.4,2715,2721,2676.55,2708.95,2709,2703.56,1074698,2905511380,47403,612650,57.01
TCS,EQ,10-Jan-18,2709,2711,2816,2694.65,2803,2806.6,2763.3,1682925,4650423557,70764,699460,41.56
TCS,EQ,11-Jan-18,2806.6,2810,2821.9,2782.2,2792.5,2790.5,2796.58,1260524,3525161029,71604,578244,45.87
TCS,EQ,12-Jan-18,2790.5,2805,2805,2740.55,2769.9,2776.35,2764.28,1680157,4644422668,90884,472438,28.12
TCS,EQ,15-Jan-18,2776.35,2777.15,2808,2735.05,2737.4,2746.1,2768.32,728607,2017014657,49926,394675,54.17
TCS,EQ,16-Jan-18,2746.1,2756,2861.65,2750.55,2860,2850.85,2834.5,2133876,6048464572,85776,639155,29.95
TCS,EQ,17-Jan-18,2850.85,2870,2925,2862.15,2895,2888.95,2900.36,2140403,6207945520,94873,965845,45.12
TCS,EQ,18-Jan-18,2888.95,2897,2933,2868.05,2926.55,2918.2,2896.35,1104739,3199711974,51786,568379,51.45
TCS,EQ,19-Jan-18,2918.2,2930.55,2982,2903.65,2974.85,2959.3,2930.77,910000,2667000913,44039,436952,48.02
TCS,EQ,22-Jan-18,2959.3,2961,3134.7,2922,3090,3116.4,3052.16,2183555,6664565989,97757,663651,30.39
TCS,EQ,23-Jan-18,3116.4,3114.95,3142.35,3090.05,3097.9,3102,3112.03,1619805,5040878630,68887,705309,43.54
TCS,EQ,24-Jan-18,3102,3090,3259.05,3082.65,3174.95,3174.6,3189.59,2810769,8965187783,111512,862385,30.68
TCS,EQ,25-Jan-18,3174.6,3175,3179.8,3081,3133,3121.05,3123.06,1916922,5986662027,72537,925615,48.29
TCS,EQ,29-Jan-18,3121.05,3131.4,3225,3122,3199.25,3198.85,3196.14,1570530,5019638550,94269,832172,52.99
TCS,EQ,30-Jan-18,3198.85,3180,3203.8,3143.7,3152.15,3152.85,3166.46,787379,2493202690,45149,384193,48.79
TCS,EQ,31-Jan-18,3152.85,3137,3150,3098.6,3111.15,3112.35,3119.14,1521607,4746105492,92438,978756,64.32
TCS,EQ,01-Feb-18,3112.35,3124,3190,3088.8,3150,3138.6,3146.24,1200315,3776473823,66084,310672,25.88
TCS,EQ,02-Feb-18,3138.6,3120,3190,3103.45,3153,3153.65,3167.25,1228245,3890162746,52829,586030,47.71
TCS,EQ,05-Feb-18,3153.65,3110,3188,3076.85,3110,3103.2,3118.75,1378871,4300356207,75866,655249,47.52
TCS,EQ,06-Feb-18,3103.2,3010,3077.15,2985,3000,2997.25,3020.91,1328653,4013743636,53630,728147,54.8
TCS,EQ,07-Feb-18,2997.25,3027,3031,2947.45,2959,2955.05,2975.26,1090162,3243512073,55520,506385,46.45
TCS,EQ,08-Feb-18,2955.05,2979.75,3027.6,2959,2966.2,2974.2,3000.15,1377502,4132716047,63513,601956,43.7
TCS,EQ,09-Feb-18,2974.2,2950,2994,2896.65,2978.3,2971.7,2940.4,1051229,3091037412,71919,421771,40.12
TCS,EQ,12-Feb-18,2971.7,2978.3,3023.35,2955.55,2960.15,2967.3,2981.33,987281,2943408237,49385,512025,51.86
TCS,EQ,14-Feb-18,2967.3,2970,2974.45,2892.5,2900,2911.8,2939.65,1423766,4185366949,81932,880898,61.87
TCS,EQ,15-Feb-18,2911.8,2931.95,2943,2905.1,2922,2925.85,2925.44,1232618,3605953706,42920,702569,57
TCS,EQ,16-Feb-18,2925.85,2923,2999.6,2923,2931,2933.05,2965.52,1257878,3730256378,52987,425282,33.81
TCS,EQ,19-Feb-18,2933.05,2945,2953.3,2895.2,2923.65,2923.6,2928.1,784112,2295955131,37241,332759,42.44
TCS,EQ,20-Feb-18,2923.6,2928,2985.05,2927.9,2943,2944.75,2959.27,944534,2795126451,60862,401169,42.47
TCS,EQ,21-Feb-18,2944.75,2974,3062.6,2960.05,3042.35,3042.3,3016.25,1544614,4658937572,96721,673804,43.62
TCS,EQ,22-Feb-18,3042.3,3052,3079,3022.5,3040.05,3050.2,3047.84,1731505,5277341721,83526,796578,46
TCS,EQ,23-Feb-18,3050.2,3050,3089,2992.1,3078,3075.8,3044.72,1681250,5118935937,86645,706762,42.04
TCS,EQ,26-Feb-18,3075.8,3075,3089.95,3021.2,3025.6,3031.7,3044.1,681941,2075893519,45004,292334,42.87
TCS,EQ,27-Feb-18,3031.7,3041,3078.55,3032,3042,3042.35,3054.42,858900,2623442713,49207,299428,34.86
TCS,EQ,28-Feb-18,3042.35,3035,3063.95,3021.45,3033.4,3035.05,3040.16,1353432,4114652091,80437,861558,63.66
TCS,EQ,01-Mar-18,3035.05,3049,3061.2,3020,3033,3037.7,3042.25,859062,2613481022,77493,522085,60.77
TCS,EQ,05-Mar-18,3037.7,3049,3113.65,3032.95,3103,3105.85,3075.76,1429084,4395522747,81638,785748,54.98
TCS,EQ,06-Mar-18,3105.85,3122,3127,3030.15,3041,3042.8,3087.33,953382,2943402643,60270,469034,49.2
TCS,EQ,07-Mar-18,3042.8,3070,3089,3018.5,3028.7,3027.45,3045.28,958886,2920078407,54736,437656,45.64
TCS,EQ,08-Mar-18,3027.45,3054.9,3054.9,2987.5,3001.85,3003.95,3017.6,975913,2944917233,43364,655914,67.21
TCS,EQ,09-Mar-18,3003.95,3005,3063.2,2977.2,3035,3034.1,3030.68,936218,2837381323,53978,310682,33.18
TCS,EQ,12-Mar-18,3034.1,3043,3083.9,3035.5,3046.95,3052.15,3060.88,1045670,3200669043,46166,492433,47.09
TCS,EQ,13-Mar-18,3052.15,2924.9,2939.7,2872,2886.1,2886.8,2880.44,44033577,1.26836E+11,216131,31556256,71.66
TCS,EQ,14-Mar-18,2886.8,2892.95,2923.05,2875.05,2887.85,2886.9,2899.62,1834334,5318879503,75794,797351,43.47
TCS,EQ,15-Mar-18,2886.9,2895,2902.55,2855.6,2867,2869.7,2876.92,1174453,3378809880,53254,440516,37.51
TCS,EQ,16-Mar-18,2869.7,2868.8,2872,2805,2828,2825.7,2834.32,3598741,10199978560,151066,2487922,69.13
TCS,EQ,19-Mar-18,2825.7,2829,2848,2820,2828.75,2831,2832.48,1744970,4942594052,93179,1297258,74.34
TCS,EQ,20-Mar-18,2831,2820,2873.2,2819,2870,2864.85,2852.27,2012492,5740162500,79442,1433569,71.23
TCS,EQ,21-Mar-18,2864.85,2872.5,2884.3,2850,2856.1,2856.75,2865.76,1953839,5599239431,88110,1528562,78.23
TCS,EQ,22-Mar-18,2856.75,2859.95,2875.95,2822.55,2824,2831.35,2843.57,1163047,3307211012,72687,876317,75.35
TCS,EQ,23-Mar-18,2831.35,2802,2834.1,2798.05,2809.2,2818.15,2816.79,1827061,5146438889,77575,1259843,68.95
TCS,EQ,26-Mar-18,2818.15,2819,2827.4,2781.55,2817,2817,2812.33,1482105,4168164808,76911,1046954,70.64
TCS,EQ,27-Mar-18,2817,2825,2863,2823.05,2843.8,2847.7,2845.6,1247287,3549278193,101404,867902,69.58
TCS,EQ,28-Mar-18,2847.7,2835.9,2875,2825,2849.35,2849.15,2854.33,3432827,9798420781,127771,2654970,77.34
TCS,EQ,02-Apr-18,2849.15,2840,2914,2840,2903,2909.65,2888.94,831494,2402139242,67851,428437,51.53
TCS,EQ,03-Apr-18,2909.65,2892.1,2929.9,2892.1,2908.4,2911.25,2907.92,968645,2816742761,49338,665363,68.69
TCS,EQ,04-Apr-18,2911.25,2929.45,2934,2892,2906.9,2910.9,2914.91,1420910,4141824123,73678,1068225,75.18
TCS,EQ,05-Apr-18,2910.9,2926.55,2963.75,2920.35,2954.1,2957.95,2949.56,904712,2668499202,50519,619923,68.52
TCS,EQ,06-Apr-18,2957.95,2954,2960,2926.55,2939.7,2950.3,2943.69,564509,1661739852,35618,327149,57.95
TCS,EQ,09-Apr-18,2950.3,2939.7,2963.5,2915,2925.05,2923.9,2936.88,617933,1814796241,61304,377241,61.05
TCS,EQ,10-Apr-18,2923.9,2925.7,2957.25,2925.7,2933.4,2937.6,2943.58,592266,1743380857,56834,369579,62.4
TCS,EQ,11-Apr-18,2937.6,2950.6,3025,2945.6,3010,3014.15,2987.68,1562208,4667384474,79572,982143,62.87
TCS,EQ,12-Apr-18,3014.15,3010,3150,3007.95,3136,3139.25,3116.29,3057180,9527046571,138550,1663392,54.41
TCS,EQ,13-Apr-18,3139.25,3150,3240.8,3132.1,3145.5,3153.3,3181.37,4089559,13010404291,147501,2142872,52.4
TCS,EQ,16-Apr-18,3153.3,3116,3199.95,3110.75,3185.05,3187.65,3169.39,3135137,9936460533,142448,1707483,54.46
TCS,EQ,17-Apr-18,3187.65,3187.65,3194.95,3147.2,3163.6,3166.6,3165.81,1650862,5226319906,119475,1077647,65.28
TCS,EQ,18-Apr-18,3166.6,3166,3193.45,3145.85,3162.7,3159.1,3166.57,1216533,3852231611,57846,674167,55.42
TCS,EQ,19-Apr-18,3159.1,3179.9,3217.2,3165.75,3191.15,3191.15,3190.56,2410476,7690774761,108523,1295094,53.73
TCS,EQ,20-Apr-18,3191.15,3250,3422.35,3240,3414,3402.45,3351.07,9232831,30939850872,287034,2973300,32.2
TCS,EQ,23-Apr-18,3402.45,3424,3557.9,3389.55,3395.9,3408.65,3478.05,7592955,26408656912,296796,2307114,30.38
TCS,EQ,24-Apr-18,3408.65,3410,3443.15,3342.5,3380,3385.65,3385.7,4157168,14074937538,191406,1852622,44.56
TCS,EQ,25-Apr-18,3385.65,3385,3483,3365.05,3466,3470.25,3445.24,4098287,14119584532,186272,1646688,40.18
TCS,EQ,26-Apr-18,3470.25,3467,3560,3467,3523.95,3539.25,3528.84,6067517,21411274499,155107,3148760,51.9
TCS,EQ,27-Apr-18,3539.25,3525,3544,3420,3458,3451.95,3475.49,2250665,7822168278,143297,1128370,50.13
TCS,EQ,30-Apr-18,3451.95,3451.95,3549,3437.6,3529,3532.1,3523.56,1729279,6093220317,109746,740868,42.84
TCS,EQ,02-May-18,3532.1,3530.5,3532.2,3471.3,3500,3499.75,3496.99,1579023,5521825658,142452,1035607,65.59
TCS,EQ,03-May-18,3499.75,3509.8,3526,3470.4,3481.75,3481.85,3501.58,1880775,6585681501,132523,1146691,60.97
TCS,EQ,04-May-18,3481.85,3492,3497,3470,3479,3480.75,3485.14,1173622,4090241756,60186,697005,59.39
TCS,EQ,07-May-18,3480.75,3490,3490,3410.9,3428,3420.95,3438.41,1742213,5990435303,95521,1155927,66.35
TCS,EQ,08-May-18,3420.95,3434.7,3486.5,3396.7,3440.2,3441.2,3447.8,1496410,5159322100,75803,710340,47.47
TCS,EQ,09-May-18,3441.2,3440.2,3494.75,3440.2,3488.5,3489.3,3480.95,1307525,4551423048,74986,754487,57.7
TCS,EQ,10-May-18,3489.3,3502.95,3511.15,3440.2,3446.3,3451.25,3478.59,1929339,6711381186,78782,1044165,54.12
TCS,EQ,11-May-18,3451.25,3454.2,3485,3442.5,3461,3456.95,3461.07,1313938,4547636850,44332,734225,55.88
TCS,EQ,14-May-18,3456.95,3457,3471,3410.8,3440,3433.55,3427.81,1216947,4171459981,67155,738191,60.66
TCS,EQ,15-May-18,3433.55,3450,3495.8,3433.7,3487,3482.4,3477.97,976445,3396047379,72769,426098,43.64
TCS,EQ,16-May-18,3482.4,3479.95,3509,3475.25,3497,3493.9,3494.21,824225,2880012135,62359,462112,56.07
TCS,EQ,17-May-18,3493.9,3512.95,3533.15,3476,3480.8,3491.8,3509.69,1484024,5208463595,147144,968752,65.28
TCS,EQ,18-May-18,3491.8,3480.8,3517.7,3458,3495,3502.05,3487.86,937498,3269860707,71488,518150,55.27
TCS,EQ,21-May-18,3502.05,3528.7,3592,3518.05,3551.8,3556.75,3567.15,1723089,6146517740,113610,883903,51.3
TCS,EQ,22-May-18,3556.75,3558,3574.95,3493.7,3514.4,3508.9,3520.43,928708,3269452704,71360,523307,56.35
TCS,EQ,23-May-18,3508.9,3525,3545,3481,3498.95,3495.1,3513.84,753649,2648198400,65699,407054,54.01
TCS,EQ,24-May-18,3495.1,3510,3615,3502.35,3610.75,3603.7,3579.69,1481158,5302086674,78667,655097,44.23
TCS,EQ,25-May-18,3603.7,3625,3674.8,3572.55,3589.9,3585.8,3633.11,1884886,6848001305,142355,954659,50.65
TCS,EQ,28-May-18,3585.8,3616.5,3616.5,3486,3499.35,3502.05,3516.38,1858399,6534828350,142950,1041835,56.06
TCS,EQ,29-May-18,3502.05,3529.9,3544,3488,3519.95,3523.5,3517.42,1762656,6200008340,101072,834822,47.36
TCS,EQ,30-May-18,3523.5,3509.05,3533,3482.5,3507.5,3514.1,3508.9,1889553,6630243747,125085,1124217,59.5
TCS,EQ,31-May-18,3514.1,1734,1759.05,1726.1,1748.85,1741.05,1742.44,5049371,8798250474,207998,3447026,68.27
TCS,EQ,01-Jun-18,1741.05,1754,1757.5,1716.3,1732,1732.45,1742.29,1603856,2794386298,74272,924751,57.66
TCS,EQ,04-Jun-18,1732.45,1745,1749,1712.6,1742,1744.25,1730.25,1681483,2909393690,96686,928452,55.22
TCS,EQ,05-Jun-18,1744.25,1744,1751.9,1711.15,1723,1721.6,1728.88,2449568,4235000688,133067,1492228,60.92
TCS,EQ,06-Jun-18,1721.6,1723,1734.9,1715.2,1725,1725.75,1725.85,2236512,3859874684,73770,1573892,70.37
TCS,EQ,07-Jun-18,1725.75,1725,1749,1723.8,1734.05,1735.55,1738,2414762,4196845765,105531,1639426,67.89
TCS,EQ,08-Jun-18,1735.55,1735,1757.3,1735,1742.95,1747.1,1748.59,2582138,4515097489,90908,1640936,63.55
TCS,EQ,11-Jun-18,1747.1,1747.1,1763,1743,1750.9,1749.7,1752.55,2179378,3819463189,104681,1659838,76.16
TCS,EQ,12-Jun-18,1749.7,1757,1785,1753,1781.05,1781,1773.52,4608875,8173948345,108707,3580858,77.69
